{
  "comment": "Do not edit this file, use utils/roll_browser.js",
  "browsers": [
    {
      "name": "chromium",
      "revision": "1117",
      "installByDefault": true,
      "browserVersion": "125.0.6422.26"
    },
    {
      "name": "chromium-tip-of-tree",
      "revision": "1215",
      "installByDefault": false,
      "browserVersion": "126.0.6439.0"
    },
    {
      "name": "firefox",
      "revision": "1449",
      "installByDefault": true,
      "browserVersion": "125.0.1"
    },
    {
      "name": "firefox-asan",
      "revision": "1449",
      "installByDefault": false,
      "browserVersion": "125.0.1"
    },
    {
      "name": "firefox-beta",
      "revision": "1449",
      "installByDefault": false,
      "browserVersion": "126.0b1"
    },
    {
      "name": "webkit",
      "revision": "2003",
      "installByDefault": true,
      "revisionOverrides": {
        "mac10.14": "1446",
        "mac10.15": "1616",
        "mac11": "1816",
        "mac11-arm64": "1816"
      },
      "browserVersion": "17.4"
    },
    {
      "name": "ffmpeg",
      "revision": "1009",
      "installByDefault": true
    },
    {
      "name": "android",
      "revision": "1000",
      "installByDefault": false
    }
  ]
}
